<?xml version="1.0" encoding="UTF-8" ?>
<root>
	<0>
		<RuleID>Rule01</RuleID>
		<RuleName>Detect</Rulename>
		<TriggerDevice>RFID</TriggerDevice>
		<ActionDevice>Gate open or Gate close</ActionDevice>
		<SecuritySettings>Jason</SecuritySettings>
		<size>15</size>
	</0>
	<1>
		<RuleID>Rule02</RuleID>
		<RuleName>Turn on orTurn off</RuleName>
		<TriggerDevice>Switch</TriggerDevice>
		<ActionDevice>Light on or Light Off</ActionDevice>
		<SecuritySettings>Jason</SecuritySettings>
		<size>15</size>
	
	</1>
	<2>
		<RuleID>Rule03</RuleID>
		<RuleName>Turn on orTurn off</RuleName>
		<TriggerDevice>Reciever</TriggerDevice>
		<ActionDevice>TV on or TVOff</ActionDevice>
		<SecuritySettings>Jason</SecuritySettings>
		<size>15</size>
	
	</2>
	<3>
		<RuleID>Rule04</RuleID>
		<RuleNameUserName>Turn on orTurn off</RuleName>
		<TriggerDevice>MotionSensor</TriggerDevice>
		<ActionDevice>Light on or Light Off</ActionDevice>
		<SecuritySettings>Jason</SecuritySettings>
		<size>15</size>
	
	</3>
	<4>
		<RuleID>Rule05</RuleID>
		<RuleName>Turn on orTurn off</RuleName>
		<TriggerDevice>SecuritySensor</TriggerDevice>
		<ActionDevice>DoorLock</ActionDevice>
		<SecuritySettings>Jason</SecuritySettings>
		<size>15</size>
	</4>
</root>