<?xml version="1.0" encoding="UTF-8" ?>
<root>
	<0>
		<LOGID>Log01</LOGID>
		<DeviceID>Alpha01</DeviceID>
		<Maintenancedate>Nov11</Maintenancedate>
		<ServiceTechnician>Randy</ServiceTechnician>
		<Descriptionofmainteinance>Sensor Checkup</Descriptionofmainteinance>
		<size>15</size>
	</0>
	<1>
		<LOGID>Log02</LOGID>
		<DeviceID>Alpha02</DeviceID>
		<Maintenancedate>Nov11</Maintenancedate>
		<ServiceTechnician>Sandy</ServiceTechnician>
		<Descriptionofmainteinance>RFID Checkup</Descriptionofmainteinance>
		<size>15</size>
	
	</1>
	<2>
		<LOGID>Log03</LOGID>
		<DeviceID>Alpha03</DeviceID>
		<Maintenancedate>Nov11</Maintenancedate>
		<ServiceTechnician>Hardy</ServiceTechnician>
		<Descriptionofmainteinance>Receiver Checkup</Descriptionofmainteinance>
		<size>15</size>
	
	</2>
	<3>
		<LOGID>Log04</LOGID>
		<DeviceID>Alpha04</DeviceID>
		<Maintenancedate>Nov11</Maintenancedate>
		<ServiceTechnician>buddy</ServiceTechnician>
		<Descriptionofmainteinance>LIDAR Checkup</Descriptionofmainteinance>
		<size>15</size>
	
	</3>
	<4>
		<LOGID>Log05</LOGID>
		<DeviceID>Alpha05</DeviceID>
		<Maintenancedate>Nov11</Maintenancedate>
		<ServiceTechnician>ortan</ServiceTechnician>
		<Descriptionofmainteinance>Security Checkup</Descriptionofmainteinance>
		<size>15</size>
	
	</4>
</root>