<?xml version="1.0" encoding="UTF-8" ?>
<root>
	<0>
		<SensorID>Sensor01</SensorID>
		<Sensortype>RFID</Sensortype>
		<Timestamp>1</Timestamp>
		<SensorValue>01</SensorValue>
		<Location>Entrance</Location>
		<size>15</size>
	</0>
	<1>
		<SensorID>Sensor01</SensorID>
		<Sensortype>Switch</Sensortype>
		<Timestamp>2</Timestamp>
		<SensorValue>02</SensorValue>
		<Location>Hall</Location>
		<size>15</size>
	
	</1>
	<2>
		<SensorID>Sensor03</SensorID>
		<Sensortype>Reciever</Sensortype>
		<Timestamp>3</Timestamp>
		<SensorValue>03</SensorValue>
		<Location>TVRoom</Location>
		<size>15</size>
	
	</2>
	<3>
		<SensorID>Sensor04</SensorID>
		<Sensortype>Motionsensor</Sensortype>
		<Timestamp>4</Timestamp>
		<SensorValue>04</SensorValue>
		<Location>Rooms</Location>
		<size>15</size>
	
	</3>
	<4>
		<SensorID>Sensor05</SensorID>
		<Sensortype>DoorLock</Sensortype>
		<Timestamp>5</Timestamp>
		<SensorValue>05</SensorValue>
		<Location>Bedrooms</Location>
		<size>15</size>
	
	</4>
</root>